Week,Weighted In Degree,Weighted Out Degree,Weighted Degree,Pagerank
1,3.5,1.7,3.2,0.04110908873855083
2,8.6,6.0,12.5,0.045392326079359654
3,13.9,11.4,23.9,0.039779812180872995
4,24.3,19.0,42.7,0.04429617996973852
5,28.8,21.1,49.3,0.040946880893828155
6,32.2,23.0,54.6,0.04660763810295761
7,35.9,24.4,59.4,0.04641203661480425
8,40.5,25.6,64.9,0.046292668144119885
9,44.8,28.0,71.3,0.051063939696678384
10,52.3,31.4,82.4,0.04967715123988401
11,57.0,34.4,89.7,0.049035930177191864
