Week,Weighted In Degree,Weighted Out Degree,Weighted Degree,Pagerank
1,0.0,0.0,0.0,0.03584229538180155
2,0.0,0.0,0.0,0.027103372501740712
3,0.0,0.0,0.0,0.02002198598865663
4,0.0,0.0,0.0,0.02516822321628159
5,0.0,0.0,0.0,0.01929524113778184
6,0.0,0.0,0.0,0.01762192071999253
7,0.0,0.0,0.0,0.01762192071999253
8,0.0,0.0,0.0,0.0146431063495967
9,0.0,0.0,0.0,0.007936507936508118
