Week,Weighted In Degree,Weighted Out Degree,Weighted Degree,Pagerank
1,0.1,0.1,0.2,0.03906809785093736
2,0.1,0.1,0.2,0.029542718513206966
3,0.4,0.5,0.9,0.03893884652666412
4,0.6,0.5,1.1,0.05179715443389567
5,0.8,0.6,1.4,0.06404052991485445
6,0.8,0.7,1.5,0.06327866005889134
7,0.8,0.7,1.5,0.06327866005889134
8,1.0,0.8,1.8,0.07031414176724855
9,3.0,2.7,6.9,0.04723676621488137
