Week,Weighted In Degree,Weighted Out Degree,Weighted Degree,Pagerank
1,4.0,16.0,20.0,0.03661404606364317
2,4.0,22.0,26.0,0.02805028011778822
