Week,Weighted In Degree,Weighted Out Degree,Weighted Degree,Pagerank
1,6.0,4.0,8.666666666666666,0.19584691087320802
2,9.0,4.0,12.666666666666666,0.22349968377892804
