Week,Weighted In Degree,Weighted Out Degree,Weighted Degree,Pagerank
1,0,0,0,0.004452083892942841
2,0,0,0,0.003382698429237308
3,0,0,0,0.001899267461187664
4,0,0,0,0.0013091102811215154
5,0,0,1,0.0012498015127522608
6,0,1,2,0.0010914884648133474
7,0,1,2,0.0010910229065271052
8,0,1,2,0.001028735869728304
9,0,1,3,0.0010282766095117734
10,0,1,3,0.0009965689173471572
