Week,Weighted In Degree,Weighted Out Degree,Weighted Degree,Pagerank
1,3.0,4.0,7.0,0.015611815655073018
2,4.5,26.0,30.5,0.01277017441445934
3,12.0,91.0,103.0,0.00658112267298244
4,20.5,136.0,156.5,0.008187854644306122
5,26.5,151.5,178.0,0.011766214679194677
6,41.0,205.5,246.5,0.013556679559218507
7,46.5,214.5,261.0,0.014654825717184294
8,57.0,238.0,295.0,0.020882142606190077
9,63.0,249.5,312.5,0.02072462185954529
10,63.0,254.0,317.0,0.020741947566309357
