Week,Weighted In Degree,Weighted Out Degree,Weighted Degree,Pagerank
1,0.2,0.2,0.5,0.004652446037143076
2,4.7,2.2,6.7,0.012647363735763334
3,23.6,14.3,37.9,0.03475997412610684
4,37.2,22.6,57.6,0.051363275208853885
5,39.8,24.7,62.9,0.047724812730254265
6,60.6,37.7,92.2,0.04525776782121628
7,61.5,38.3,93.9,0.04521697895850124
8,67.6,41.9,103.7,0.04744276205799654
9,68.1,42.4,104.7,0.04620239304221043
10,68.5,43.0,105.5,0.04606100667124958
