Week,Weighted In Degree,Weighted Out Degree,Weighted Degree,Pagerank
1,-10,-10,-10,-10
2,1,2,2,0.00046037302527961394
3,1.0,2.0,2.0,0.000441137461555824
4,1,2.0,2.0,0.0004196497033706199
5,1,2,2.0,0.00041086071168608743
6,1.0,2,2,0.00040787842275317673
7,1,2.0,2.0,0.0004028404375941187
8,1.0,2.0,2.0,0.0004019719085312038
9,1,2.0,2,0.0003959869413253052
10,1,2,2.0,0.00039238317744559874
