Week,Weighted In Degree,Weighted Out Degree,Weighted Degree,Pagerank
1,0.0,8.7,5.4,0.0005152345620553889
2,19.3,35.6,43.2,0.023663506940005807
3,30.6,46.1,65.1,0.02490342176558134
4,37.4,57.5,82.2,0.025207401829965847
5,37.9,60.2,85.4,0.023957963566262352
6,39.5,62.5,87.7,0.024642201668925393
7,40.2,63.5,89.9,0.02425165180275631
8,40.5,63.8,90.6,0.024164606803123732
9,40.8,63.8,91.0,0.02180307229830585
10,40.8,64.0,91.5,0.022056323824101536
