Week,Weighted In Degree,Weighted Out Degree,Weighted Degree,Pagerank
1,260.5,7.0,270.5,0.26074469527892713
2,586.0,24.0,617.0,0.20015741759627848
3,617.0,34.0,655.0,0.18178263437861703
4,682.0,48.0,731.0,0.17990139081710782
5,710.0,56.0,766.0,0.18474011199322815
6,729.0,68.0,790.5,0.1832822760651967
7,734.5,78.0,798.5,0.1838293514307172
8,734.5,83.0,798.5,0.18328098766992298
9,734.5,83.5,799.5,0.1904270599362754
10,734.5,83.5,800.0,0.19130417107554248
