Week,Weighted In Degree,Weighted Out Degree,Weighted Degree,Pagerank
1,3,1,1.0,0.004434834079764912
2,3.5,1,3,0.0032223727335974196
3,4.0,2,4,0.0021693809741644963
4,4,2,3,0.001647642880619766
5,4.0,3.0,4.0,0.0014082602735629775
6,4.0,3,5,0.001328775720630595
7,4.0,3.0,6,0.0013840308141087744
8,4.5,3.5,6,0.0013838460441889695
9,4,4.0,6.0,0.0013238521914457656
10,5,4,7.0,0.0012774650604454488
