Week,Weighted In Degree,Weighted Out Degree,Weighted Degree,Pagerank
1,0.0,0.0,0.0,0.004434834079764912
2,0.0,0.0,0.0,0.0032223727335974196
3,0.0,0.0,0.0,0.0021693809741644963
4,0.0,0.0,0.0,0.001647642880619766
5,0.0,1.0,1.0,0.0014082602735629775
6,0.0,1.0,1.5,0.001328775720630595
7,0.0,1.0,2.0,0.0013840308141087744
8,0.0,1.0,2.0,0.0013838460441889695
9,0.0,1.0,2.5,0.0013238521914457656
10,0.5,1.0,3.0,0.0012774650604454488
