Week,Weighted In Degree,Weighted Out Degree,Weighted Degree,Pagerank
1,3.7,1.9,5.0,0.04728370134358373
2,6.6,3.4,9.6,0.03276157547718378
3,16.9,6.5,20.1,0.05164397040843001
4,20.1,8.8,24.7,0.05814539799193247
5,28.0,13.8,37.0,0.05776148689581786
6,30.6,14.5,41.1,0.060679250329032375
7,39.6,24.6,59.5,0.05515153048138942
8,41.5,25.8,62.7,0.055288300596565296
9,44.4,27.7,66.7,0.056581666732026456
10,47.6,30.5,72.4,0.05951827161432548
