Week,Weighted In Degree,Weighted Out Degree,Weighted Degree,Pagerank
1,0.0,5.0,5.0,0.004434834079764912
2,4.5,17.5,22.0,0.024965192625359536
3,8.0,43.5,51.5,0.016983674296018138
4,10.0,54.5,64.5,0.011932434057712108
5,17.0,75.5,92.5,0.016316268618572154
6,26.0,81.0,107.0,0.02289362156001394
7,29.5,86.0,115.5,0.0227516673023528
8,29.5,92.0,121.5,0.021766208780482743
9,29.5,93.5,123.0,0.021701242003915242
10,31.5,95.5,127.0,0.021965968078934348
