Week,Weighted In Degree,Weighted Out Degree,Weighted Degree,Pagerank
1,3,1.0,1,0.0008473616884336438
2,3.0,1.0,1.0,0.0006568835242687725
3,3.0,1,2,0.0005709799206304704
4,3.0,1,2,0.0004366960838182879
5,3.0,1.0,2,0.0003802981257989775
6,3.0,2.0,3.0,0.00031370204775322446
7,3,2,3,0.00028907784968353886
8,4,2,4.0,0.0002612581190679917
9,4.0,2,4.0,0.0002538765421048752
10,4.0,2,4,0.00024325190227044536
11,4,2,4.0,0.00023637587235159223
12,4,2,4,0.00022355445628799097
