Week,Weighted In Degree,Weighted Out Degree,Weighted Degree,Pagerank
1,2,1,1.0,0.0014220057782391596
2,2.5,1,2.0,0.0009220231344424377
3,3.0,2,3.0,0.0007813436104902152
4,3,2.0,3,0.0006265049139152028
5,3,2.0,3.0,0.0005699738842143669
6,3.0,2.0,4,0.0005179565653347901
7,3.0,3,5.0,0.00044375189341763115
8,4.0,3.0,6,0.0004111327551959066
9,4.5,3.0,6.0,0.0003991730280708181
10,5,3.0,6,0.00039428250296919454
11,5,3,6.0,0.00039279412027213944
12,5,3,6.0,0.0003951884577361072
