Week,Weighted In Degree,Weighted Out Degree,Weighted Degree,Pagerank
1,3.5,1.5,2,0.0011963318434720694
2,2.0,1,2.0,0.0009715471802953609
3,2,2.0,2.0,0.0007399921374575746
4,3.0,2.0,3,0.0006711907009229772
5,3,2,3.0,0.0005184202703657134
6,3,2,3,0.0004639716715425663
7,3,2,3,0.00044047240819964793
8,3.0,2,3.0,0.0004335983539536409
9,3.0,2,3.0,0.00042844801270008697
10,3,2.0,3.0,0.0004204703037241402
11,3,2.0,4.0,0.00040103250715936415
12,3.0,2,4.0,0.00039003985745987823
