Week,Weighted In Degree,Weighted Out Degree,Weighted Degree,Pagerank
1,0.0,0.0,0.0,0.002156774224475255
2,0.0,0.0,0.0,0.0016871099532133637
3,0.0,0.0,0.0,0.0015158420541076978
4,0.0,0.0,0.0,0.0014335466569608396
5,0.0,0.0,0.0,0.0013591571190188629
6,0.0,0.0,0.0,0.001351970133828082
7,0.0,0.0,0.5,0.0014585650697862887
8,0.0,0.0,1.0,0.0014375226786508678
9,0.0,0.0,1.0,0.0014614122310745285
10,2.0,1.0,4.0,0.0017101371345083294
