Week,Weighted In Degree,Weighted Out Degree,Weighted Degree,Pagerank
1,0.0,2.0,2.0,0.002156774224475255
2,0.0,11.5,11.5,0.0016871099532133637
3,0.0,27.0,27.0,0.0015158420541076978
4,0.5,30.5,30.5,0.001449674739703137
5,0.5,36.5,36.5,0.0013709195937974335
6,0.5,44.5,44.5,0.0013611886468825039
7,1.0,53.0,53.0,0.001483219919586306
8,1.0,63.0,63.0,0.0014607680664364044
9,1.0,69.0,69.0,0.0014847458178789696
10,213.5,345.5,589.5,0.029095351236225968
