Week,Weighted In Degree,Weighted Out Degree,Weighted Degree,Pagerank
1,5.1,2.5,6.1,0.029105284915145573
2,8.5,4.8,11.3,0.03186098294479555
3,12.5,6.3,16.7,0.04609904308256738
4,14.4,6.7,19.0,0.04518702579578523
5,15.8,7.3,21.2,0.04659383662849466
6,17.3,8.2,23.9,0.05019456836439844
7,18.4,8.9,25.0,0.0470502655770106
8,18.4,9.4,25.3,0.04748957633865837
9,18.8,9.5,25.8,0.0466291385026161
10,64.9,71.2,127.0,0.021494193845426446
