Week,Weighted In Degree,Weighted Out Degree,Weighted Degree,Pagerank
1,2.0,9.5,10.5,0.004707499829331552
2,3.0,12.5,14.5,0.004936361317756436
3,6.0,18.5,24.5,0.009191372371263535
4,7.0,30.0,37.0,0.006484399869359697
5,10.0,43.5,53.5,0.006797222159622306
6,14.5,47.5,62.5,0.011571094942114231
7,16.0,51.0,67.5,0.010127234020147466
8,18.5,54.5,71.5,0.009328037399342955
9,18.5,54.5,71.5,0.008642522402009578
10,21.0,56.5,76.0,0.00919279880639277
11,28.0,61.5,88.0,0.00955799579155367
