Week,Weighted In Degree,Weighted Out Degree,Weighted Degree,Pagerank
1,3.7,2.3,6.0,0.012504473947820343
2,7.8,5.4,11.6,0.009882892075940262
3,13.2,10.1,20.2,0.020679268370793508
4,19.4,14.4,31.4,0.027052788941713944
5,21.3,17.5,35.5,0.03696739149707091
6,25.9,20.2,42.8,0.03833498359141268
7,30.9,25.0,52.0,0.04346382648972698
8,34.4,28.0,58.3,0.04363130410019216
9,37.0,29.4,60.8,0.045088302809402084
10,37.1,30.7,62.0,0.04358708836837682
11,39.6,32.5,66.6,0.0499303688902205
