Week,Weighted In Degree,Weighted Out Degree,Weighted Degree,Pagerank
1,0,0,0,0.00416224345335662
2,0,0,0,0.0033398252915071854
3,0,0,0,0.0031396384188753096
4,0,0,0,0.0025901611424922885
5,0,0,0,0.0025040073182875226
6,0,0,0,0.0024459797194064607
7,0,0,0,0.002075813708007629
8,0,0,0,0.002073957752318741
9,0,0,0,0.0019006277861350492
10,0,0,0,0.0014005602240896372
11,0,0,0,0.0014005602240896372
