Week,Weighted In Degree,Weighted Out Degree,Weighted Degree,Pagerank
1,0.6,0.3,0.3,0.02316226888825983
2,4.0,1.2,3.9,0.036990223651457134
3,5.6,2.5,6.6,0.04294214877895249
4,8.9,3.4,10.7,0.04844980718239643
5,10.8,4.8,14.4,0.049230142579005313
6,17.1,7.1,22.5,0.051786583874050066
7,25.2,9.5,34.1,0.05916640215072207
8,26.5,10.5,36.4,0.05896887734110066
9,28.2,11.5,38.7,0.06041232170161338
10,107.8,81.1,195.0,0.02022498590655166
11,107.8,81.1,195.0,0.02014781396497269
