Week,Weighted In Degree,Weighted Out Degree,Weighted Degree,Pagerank
1,0.0,0.0,0.0,0.04366812727412437
2,0.0,0.0,0.0,0.0306435312334117
3,0.0,0.0,0.0,0.024019633032649666
4,0.0,0.0,0.0,0.024019633032649666
5,0.0,0.0,0.0,0.027944105477093608
6,0.0,0.0,0.0,0.010638297910875207
