Week,Weighted In Degree,Weighted Out Degree,Weighted Degree,Pagerank
1,0.1,0.0,0.1,0.04759824727105082
2,0.1,0.0,0.1,0.033150807105723594
3,0.3,0.1,0.4,0.040145194982876796
4,0.3,0.1,0.4,0.040145194982876796
5,0.8,0.2,1.0,0.050836634878923724
6,1.8,1.1,2.9,0.036657860862192485
