Week,Weighted In Degree,Weighted Out Degree,Weighted Degree,Pagerank
1,0.0,0.5,0.5,0.04366812727412437
2,1.0,1.5,2.5,0.18102830830432323
3,2.0,3.0,5.0,0.17917585992236768
4,2.0,3.0,5.0,0.17917585992236768
5,2.0,5.0,7.0,0.1060962982199132
6,21.0,31.5,52.5,0.03954270126227346
