Week,Weighted In Degree,Weighted Out Degree,Weighted Degree,Pagerank
1,0,0,0,0.003899638063284295
2,0,0,0,0.0036298356287312976
3,0,0,1,0.0020509089847041027
4,0,0,1,0.0020343060676276063
5,0,1,1,0.0019224478252324938
6,0,1,1,0.001877547645168344
7,0,1,1,0.0017927488316637043
