Week,Weighted In Degree,Weighted Out Degree,Weighted Degree,Pagerank
1,0.5,10.0,10.5,0.007837299422342493
2,1.0,11.5,12.5,0.007310850764922681
3,1.0,29.0,30.0,0.002906212890238459
4,1.0,29.0,30.0,0.003234284942561381
5,1.0,29.0,30.0,0.0028134129122041624
6,1.0,30.0,31.0,0.0027036659663066094
7,1.0,30.5,31.5,0.002620101515160976
