Week,Weighted In Degree,Weighted Out Degree,Weighted Degree,Pagerank
1,2.5,1.0,1.0,0.0009806430525304579
2,2,2.0,2.0,0.0007789464397196323
3,2,2.0,2,0.0006053928732236628
4,3,2,3.0,0.0004627538233102274
5,3.0,2,4,0.0004244960209310592
6,3,3.0,4.0,0.00041084639309869105
7,4,3.0,5,0.0003795846205718607
8,4.0,3.0,6.0,0.00036053096267822714
9,4,3.0,6,0.00033999123825810275
10,4.5,3,6.0,0.0003362547488457987
11,5.0,3,6.0,0.0003334813210358956
12,5.0,3.0,6.0,0.0003237355881661101
