Week,Weighted In Degree,Weighted Out Degree,Weighted Degree,Pagerank
1,0,0,0,0.005208333333333346
2,0,0,0,0.0026654631090324175
3,0,0,0,0.0019039571289711113
4,0,0,0,0.0015573396119382718
5,0,0,0,0.0014924474701817428
6,0,0,0,0.0014245487122694768
7,0,0,0,0.0012629477844336066
8,0,0,0,0.001176016764891472
9,0,0,0,0.0011620665953585908
10,0,0,0,0.0011264666276731327
11,0,0,1,0.001124908678440146
12,0,0,1,0.0011236862770378272
