Week,Weighted In Degree,Weighted Out Degree,Weighted Degree,Pagerank
1,0.0,0.0,0.0,0.002118860729602451
2,0.0,0.0,0.0,0.0012796402839956303
3,0.0,0.0,0.0,0.0010667376706203493
4,0.0,0.0,1.0,0.0009386016873637843
5,0.5,1.0,1.0,0.0008760981742412662
6,1.0,1.0,2.0,0.0008443270999019177
7,2.0,1.0,3.0,0.0008869005862363447
8,3.0,2.0,5.0,0.000916353751606669
9,3.0,2.0,5.5,0.0009829373496247171
10,3.0,2.0,6.0,0.001108632255781688
11,3.0,2.0,6.0,0.0010736505307918616
