Week,Weighted In Degree,Weighted Out Degree,Weighted Degree,Pagerank
1,2.0,1.0,2.0,0.002118860729602451
2,3,2.0,2.0,0.0012796402839956303
3,3,2.0,4,0.0010667376706203493
4,4,3.0,6.5,0.0009386016873637843
5,7,3.0,9.0,0.0008564734321121707
6,9,4.0,10,0.0008387609185491085
7,9,5.0,11.0,0.0008520456096075706
8,9,6.0,12.0,0.0008346234562206814
9,9,6.0,13,0.0008139584274707437
10,9.0,6.0,13,0.0009211549270597061
11,9,6.0,13.5,0.0009189008333285628
