Week,Weighted In Degree,Weighted Out Degree,Weighted Degree,Pagerank
1,5,2.0,3.5,0.004296831021275343
2,6,2,3.0,0.003806031661426617
3,6,2,3.0,0.003806031661426617
4,5,4,9,0.0028089887640449437
5,5,4,9,0.0028089887640449437
6,7,7,18,0.0028089887640449437
