Week,Weighted In Degree,Weighted Out Degree,Weighted Degree,Pagerank
1,0,0,0,0.004296831021275343
2,0,0,0,0.003806031661426617
3,0,0,0,0.003806031661426617
4,0,0,0,0.0028089887640449437
5,0,0,0,0.0028089887640449437
6,0,0,0,0.0028089887640449437
