Week,Weighted In Degree,Weighted Out Degree,Weighted Degree,Pagerank
1,7.0,31.0,32.5,0.015206926764611816
2,10.0,52.5,58.0,0.01835853068824723
3,10.0,52.5,58.0,0.01835853068824723
4,65.5,341.0,625.5,0.02707107813912052
5,66.0,341.0,625.5,0.027143353810339485
6,70.5,345.0,635.5,0.026320147099330064
