Week,Weighted In Degree,Weighted Out Degree,Weighted Degree,Pagerank
1,12.5,5.6,17.7,0.07237834437095589
2,18.7,8.2,26.5,0.07396880175651459
3,18.7,8.2,26.5,0.07396880175651459
4,63.0,53.5,112.9,0.033128992397418885
5,63.0,53.6,112.9,0.03308045584544425
6,63.2,55.1,113.2,0.03155506268921309
