Week,Weighted In Degree,Weighted Out Degree,Weighted Degree,Pagerank
1,0,0,0,0.0008759838021709618
2,0,0,0,0.0006961948339153947
3,0,0,0,0.0006197068128980038
4,0,0,0,0.0004932398522967811
5,0,0,0,0.0003876430811949629
6,0,0,0,0.00036613789319793293
7,0,0,0,0.0003544927882028837
8,0,0,0,0.00032139238399552536
9,0,0,0,0.0003125610498225087
10,0,0,0,0.0003049908312053891
11,0,0,1,0.0002872676023238367
12,0,0,1,0.00027605699233432333
13,0,0,1,0.00027605877505493
