Week,Weighted In Degree,Weighted Out Degree,Weighted Degree,Pagerank
1,2.0,1.0,2,0.0028328202314780657
2,3.0,1,3,0.0019354730272777751
3,3,1.5,3.0,0.001445163536145273
4,3.0,2,3,0.001342632944812218
5,4,2.0,4,0.0011889843713386431
6,4.0,2.0,5.0,0.0010826809243003619
7,5,2.0,6,0.000997794382415363
8,6.0,3.0,8.0,0.0009673900844645149
9,6.0,3,8.0,0.0010174918614521218
10,6.5,3,8.5,0.0010222260190890884
