Week,Weighted In Degree,Weighted Out Degree,Weighted Degree,Pagerank
1,2.0,1.0,2,0.0028328202314780657
2,2.5,1,3,0.0019354730272777751
3,3,2,4.0,0.001445163536145273
4,3.0,2,3,0.001342632944812218
5,4,2.0,5,0.0011889843713386431
6,5.0,2.0,6.0,0.0010826809243003619
7,5,2.5,6,0.000997794382415363
8,6.0,3.0,8.0,0.0010281129285713928
9,7.0,4,9.5,0.0010448475703508245
10,7.0,4,10.0,0.0010876657111818905
