Week,Weighted In Degree,Weighted Out Degree,Weighted Degree,Pagerank
1,3.9,0.5,3.8,0.019327444896823993
2,6.5,1.6,6.8,0.03942754169484001
3,13.6,4.1,17.8,0.048703045916922774
4,17.2,6.7,24.1,0.04422088917949987
5,25.0,11.9,35.8,0.03880585937333279
6,26.3,14.3,38.4,0.04195079960585621
7,32.2,17.2,46.4,0.03887150954456815
8,41.2,22.2,59.8,0.04274840395157952
9,48.3,29.0,73.6,0.04065777132300716
10,50.5,30.0,75.8,0.037224697934724646
