Week,Weighted In Degree,Weighted Out Degree,Weighted Degree,Pagerank
1,0.0,31.0,41.5,0.02323243138483237
2,4.5,45.0,60.5,0.016651154874896282
3,5.0,59.5,77.5,0.010918911914659865
4,8.5,75.0,101.5,0.010042493023595087
5,9.0,89.0,114.0,0.0076111503395555275
6,16.0,97.5,135.0,0.013669484961024648
7,16.0,117.5,151.0,0.014251486813247092
8,41.5,173.0,203.0,0.01103180240168335
9,61.5,192.5,229.0,0.010997264890078151
10,63.0,203.5,240.5,0.014448265053775848
