Week,Weighted In Degree,Weighted Out Degree,Weighted Degree,Pagerank
1,0.0,0.0,0.0,0.021741666335773173
2,0.0,0.0,0.0,0.021741666335773173
3,0.0,0.0,0.0,0.01370002562359722
4,0.0,0.0,0.0,0.018512211830347285
5,0.0,0.0,0.0,0.019157817885273654
6,0.0,0.0,0.0,0.019003459620878085
7,0.0,0.0,0.0,0.02036493170882267
8,0.0,0.0,0.0,0.016361083924782024
