Week,Weighted In Degree,Weighted Out Degree,Weighted Degree,Pagerank
1,1.0,0.5,1.5,0.21735833763494855
2,1.0,0.5,1.5,0.21735833763494855
3,11.0,9.5,20.5,0.32189966689323596
4,14.0,14.5,28.5,0.2059833222570501
5,14.5,15.5,30.0,0.19584420711757816
6,15.0,16.0,31.0,0.19889401333168227
7,16.0,18.5,34.5,0.17688673210275427
8,18.0,20.5,38.5,0.14293678102529905
