Week,Weighted In Degree,Weighted Out Degree,Weighted Degree,Pagerank
1,0.0,0.1,0.1,0.021741666335773176
2,0.0,0.1,0.1,0.021741666335773176
3,0.0,0.3,0.3,0.01370002562359722
4,1.1,1.0,2.1,0.02918379662003433
5,1.2,1.0,2.2,0.03017864996004648
6,1.2,1.0,2.2,0.02981566194025854
7,1.5,1.0,2.5,0.03203876284533287
8,1.7,1.2,2.9,0.045234909515288926
