Week,Weighted In Degree,Weighted Out Degree,Weighted Degree,Pagerank
1,0.0,0.0,0.0,0.042021098395186994
2,0.0,0.0,0.0,0.042021098395186994
3,0.0,0.0,0.0,0.017431845786865737
4,0.0,0.0,0.0,0.015427260617454502
5,0.0,0.0,0.0,0.009727767656235804
6,0.0,0.0,0.0,0.009536121559165507
7,2.0,0.0,0.0,0.01571805079809731
