Week,Weighted In Degree,Weighted Out Degree,Weighted Degree,Pagerank
1,0.0,0.0,0.0,0.042021098395186994
2,0.0,0.0,0.0,0.042021098395186994
3,1.0,2.5,1.5,0.2915568450923247
4,4.5,2.5,5.5,0.31754326481554607
5,6.0,3.0,7.5,0.18513223718626562
6,11.0,5.5,14.0,0.1732821876638264
