Week,Weighted In Degree,Weighted Out Degree,Weighted Degree,Pagerank
1,2.5,2.5,5.0,0.09367641850224649
2,2.5,2.5,5.0,0.09367641850224649
3,2.5,6.5,9.0,0.035450868776427204
4,3.0,10.0,13.0,0.03574669594795843
5,3.0,12.0,15.0,0.021152775171526205
6,3.0,14.5,17.5,0.020106068257056253
7,106.0,121.5,227.5,0.1820795102379715
