Week,Weighted In Degree,Weighted Out Degree,Weighted Degree,Pagerank
1,0.0,0.0,0.0,0.00725163367301183
2,0.0,0.0,0.0,0.0046808175534551
3,0.0,0.0,0.0,0.0036393839750697606
4,0.0,0.0,0.0,0.0026379942013482595
5,0.0,0.0,0.0,0.002271075925072131
6,0.0,0.0,0.0,0.0015445463910335542
7,0.0,0.0,0.0,0.001470043733004107
8,0.0,0.0,1.0,0.0013937650742268577
9,0.0,0.0,1.0,0.0013487577005232333
10,0.0,0.0,1.0,0.001374674808616856
11,0.0,0.0,1.0,0.0013739022342119428
