Week,Weighted In Degree,Weighted Out Degree,Weighted Degree,Pagerank
1,0.0,0.0,0.0,0.00725163367301183
2,4.2,2.3,6.6,0.004680817553455099
3,7.0,6.6,12.4,0.013927945864673543
4,13.4,10.4,22.3,0.02293395938342372
5,15.2,12.1,25.7,0.0297314888793097
6,25.6,17.4,39.0,0.044551641235961795
7,31.4,22.1,47.3,0.04414751777734742
8,41.0,28.0,62.4,0.042274950822116984
9,41.4,30.1,64.7,0.04204679528254903
10,41.9,30.8,66.0,0.0445935251398326
11,42.1,30.8,66.3,0.04450356815018703
