Week,Weighted In Degree,Weighted Out Degree,Weighted Degree,Pagerank
1,0.0,0.0,0.0,0.008146710320266497
2,0.0,0.0,0.0,0.005979438408666955
3,0.0,0.0,0.0,0.003517161029228527
4,0.0,0.0,0.0,0.0034402578241494904
5,0.0,0.0,0.5,0.0026747541459460995
6,0.0,0.0,1.0,0.002241621122184315
7,1.0,0.0,2.5,0.0022072456600542257
8,1.0,0.0,3.0,0.002207698460591971
9,1.0,0.0,3.0,0.0021373304866792557
10,1.0,0.0,3.0,0.001973787219287847
11,6.0,4.5,10.5,0.003646910861597041
