Week,Weighted In Degree,Weighted Out Degree,Weighted Degree,Pagerank
1,5.0,1.0,6.0,0.008146710320266497
2,14.0,10.0,24.0,0.005979438408666955
3,20.0,51.0,71.0,0.003517161029228527
4,22.0,69.0,91.0,0.0034402578241494904
5,32.0,105.0,137.0,0.03532905274478111
6,44.0,120.0,164.0,0.030161321060979653
7,47.0,129.0,176.0,0.024944302098656747
8,48.0,140.0,188.0,0.024667387146909848
9,51.0,160.0,211.0,0.02417649605365096
10,51.0,162.0,213.0,0.022942804186555185
