Week,Weighted In Degree,Weighted Out Degree,Weighted Degree,Pagerank
1,0,0,0,0.0007249432504579847
2,0,0,0,0.0006591047679916009
3,0,0,0,0.0005899586836804219
4,0,0,0,0.0004675854776946663
5,0,0,0,0.00042969255354785547
6,0,0,0,0.00040987236817649134
7,0,0,0,0.00039527013166379285
8,0,0,0,0.0003698421214205686
9,0,0,0,0.00035774329302911296
10,0,0,0,0.0003493397171435465
11,0,0,0,0.000334090746979799
12,0,0,0,0.00031855157959605174
13,0,0,0,0.000318091371383211
