Week,Weighted In Degree,Weighted Out Degree,Weighted Degree,Pagerank
1,0.0,0.0,0.0,0.012196209493018107
2,0.0,0.0,0.0,0.00980318050346285
3,0.0,0.0,0.0,0.010176807891406113
4,0.0,0.0,0.0,0.008973268894739784
5,0.0,0.0,0.0,0.010314801530966713
6,0.0,0.0,0.0,0.007218468582558731
