Week,Weighted In Degree,Weighted Out Degree,Weighted Degree,Pagerank
1,0.0,0.75,0.75,0.012196209493018107
2,0.75,1.5,2.25,0.0583193059710574
3,2.0,2.25,4.25,0.0715739266340746
4,4.25,3.5,7.75,0.1023230455563951
5,8.25,5.0,13.25,0.09130716332274513
6,10.75,5.75,16.5,0.1539178662208422
