Week,Weighted In Degree,Weighted Out Degree,Weighted Degree,Pagerank
1,7.5,3.5,12.5,0.28656633387218305
2,13.0,10.5,22.5,0.21879417926131955
3,13.0,11.5,23.0,0.18872043449217224
4,13.0,14.5,24.5,0.13090692189045589
5,14.5,21.5,33.0,0.10657272036056042
6,16.5,28.0,40.5,0.049328199375075335
