Week,Weighted In Degree,Weighted Out Degree,Weighted Degree,Pagerank
1,2.5,1,2,0.0023852605826884194
2,3,1,2,0.001508844051317751
3,2,1,2.0,0.0011994607044212829
4,2,1.0,2,0.00108416307929962
5,2.0,2,3,0.0010136766729723417
6,2.0,2.0,3,0.0008551451305249906
7,2.0,2,3,0.0008225696856893163
8,3.0,2,3.0,0.0008079537914919778
9,3.0,2.0,4,0.0007824685426722803
10,3,2.0,4,0.000729041120232777
