Week,Weighted In Degree,Weighted Out Degree,Weighted Degree,Pagerank
1,0.1,0.1,0.1,0.0024389391120831065
2,6.8,2.8,6.6,0.023792299086549902
3,9.4,4.0,10.0,0.028421903806623395
4,13.3,6.6,15.9,0.025118031354734477
5,22.1,12.0,31.3,0.020840011822726427
6,34.4,19.2,49.1,0.030733896326382616
7,37.3,20.3,52.6,0.032754581204137954
8,41.7,21.6,57.6,0.032389744043229494
9,44.0,23.5,61.5,0.030552404682478274
10,47.8,28.0,70.7,0.02620247559547074
