Week,Weighted In Degree,Weighted Out Degree,Weighted Degree,Pagerank
1,0.0,0.0,0.0,0.014542260398116978
2,0.0,0.0,0.0,0.014434211494844522
3,0.0,0.0,0.0,0.006711972501265647
4,0.0,0.0,0.0,0.006370441276290222
5,0.0,0.0,0.0,0.0063287137348795736
6,0.0,0.0,0.0,0.007282849472940817
7,0.0,0.0,0.0,0.007277515142958329
8,0.0,0.0,0.0,0.007142321065315391
9,0.0,0.0,0.0,0.007221700611464041
