Week,Weighted In Degree,Weighted Out Degree,Weighted Degree,Pagerank
1,1.8,0.9,2.7,0.04574363120095251
2,1.9,1.0,2.8,0.04472817240403938
3,3.3,1.6,4.8,0.07421401355453597
4,4.7,2.2,6.6,0.07693920561703295
5,4.8,2.3,6.8,0.07654247070683226
6,6.1,3.0,8.8,0.07722359080150012
7,6.1,3.0,8.8,0.0769946153663145
8,7.3,3.4,10.4,0.0778064727690173
9,7.7,3.5,10.9,0.0771413274667179
