Week,Weighted In Degree,Weighted Out Degree,Weighted Degree,Pagerank
1,4.0,6.5,10.5,0.1113806999297613
2,5.0,7.0,12.0,0.11779346208929237
3,6.5,12.5,19.0,0.05572077794124376
4,8.0,18.0,26.0,0.04680470579201718
5,9.0,19.0,28.0,0.049264279579447075
6,10.5,23.5,34.0,0.03648186898513851
7,12.0,25.0,37.0,0.037284834766628805
8,13.0,30.0,43.0,0.03493085390893756
9,14.0,33.0,47.0,0.03678212010981848
