Week,Weighted In Degree,Weighted Out Degree,Weighted Degree,Pagerank
1,0,0,0,0.005468193154379553
2,0,0,0,0.0033211027896941562
3,0,0,0,0.0023266364503018895
4,0,0,1,0.0022872199619120067
5,0,0,1,0.0016396627267839321
6,0,0,1,0.0015904187265050854
7,0,1,2,0.001526832384062329
8,1,1,3,0.0015619942078239446
9,2,1,3,0.0016258231577634507
10,2,1,4,0.0014075481480208306
11,2,1,4,0.0015925038717093777
