Week,Weighted In Degree,Weighted Out Degree,Weighted Degree,Pagerank
1,4.5,1.0,1,0.005468193154379553
2,4,1.0,2.5,0.0033211027896941562
3,3.0,1.0,3.0,0.0023266364503018895
4,4,2.0,3.0,0.0022872199619120067
5,4,2,3,0.0016396627267839321
6,4,2,4.0,0.0015904187265050854
7,4,2.0,5,0.001526832384062329
8,6,3,6.0,0.0015619942078239446
9,5.5,3.0,7,0.0016258231577634507
10,7,3.0,8.0,0.0014075481480208306
11,7.0,3.0,8.0,0.0015925038717093777
