Week,Weighted In Degree,Weighted Out Degree,Weighted Degree,Pagerank
1,0.2,0.8,1.5,0.008186486745548071
2,4.1,5.4,8.7,0.01737366072959453
3,8.6,7.1,13.5,0.03724895640639866
4,10.4,7.9,16.3,0.036421335041612726
5,13.0,9.0,20.5,0.052111992088971014
6,15.0,11.1,24.3,0.04737559423402118
7,19.8,14.9,31.6,0.047998504270997305
8,26.9,19.0,42.3,0.03589934759206571
9,30.5,20.5,47.0,0.03874064246957006
10,34.0,23.8,52.4,0.04202206144103495
11,34.9,23.9,53.0,0.042318395642207046
