Week,Weighted In Degree,Weighted Out Degree,Weighted Degree,Pagerank
1,0,0,0,0.003102152843839541
2,0,0,0,0.002421470008913765
3,0,0,0,0.001993104694638546
4,0,0,0,0.0017338661497950042
5,0,0,0,0.0018303382405827646
6,0,0,0,0.0015083223367221182
7,0,0,1,0.0014588163180254575
8,0,1,1,0.0014017150679281854
9,0,1,2,0.0014032830035949205
10,0,1,2,0.001403428264957013
11,0,1,2,0.0013864601882280186
12,0,1,2,0.0013864662001520896
