Week,Weighted In Degree,Weighted Out Degree,Weighted Degree,Pagerank
1,9.0,1.0,1.0,0.003102152843839541
2,3.0,2.0,3,0.002421470008913765
3,5.5,3.0,4,0.001993104694638546
4,5,3,4,0.0017338661497950042
5,5.0,4,5.5,0.0018303382405827646
6,6,4.5,7,0.0015083223367221182
7,7,5,9,0.0014588163180254575
8,8,6.0,12.0,0.0014017150679281854
9,8,6.5,12.5,0.0014032830035949205
10,8.0,7,12,0.001403428264957013
11,8,6.5,12.5,0.0013864601882280186
12,8,6.5,12.5,0.0013864662001520896
